Date,Year,Month Number,Month Name,Month Short,Year-Month,Quarter,Day,Day Name,Week Number,Is Weekend
01-01-2024,2024,1,January,Jan,2024-01,Q1,1,Monday,1,No
02-01-2024,2024,1,January,Jan,2024-01,Q1,2,Tuesday,1,No
03-01-2024,2024,1,January,Jan,2024-01,Q1,3,Wednesday,1,No
04-01-2024,2024,1,January,Jan,2024-01,Q1,4,Thursday,1,No
05-01-2024,2024,1,January,Jan,2024-01,Q1,5,Friday,1,No
06-01-2024,2024,1,January,Jan,2024-01,Q1,6,Saturday,1,Yes
07-01-2024,2024,1,January,Jan,2024-01,Q1,7,Sunday,1,Yes
08-01-2024,2024,1,January,Jan,2024-01,Q1,8,Monday,2,No
09-01-2024,2024,1,January,Jan,2024-01,Q1,9,Tuesday,2,No
10-01-2024,2024,1,January,Jan,2024-01,Q1,10,Wednesday,2,No
11-01-2024,2024,1,January,Jan,2024-01,Q1,11,Thursday,2,No
12-01-2024,2024,1,January,Jan,2024-01,Q1,12,Friday,2,No
13-01-2024,2024,1,January,Jan,2024-01,Q1,13,Saturday,2,Yes
14-01-2024,2024,1,January,Jan,2024-01,Q1,14,Sunday,2,Yes
15-01-2024,2024,1,January,Jan,2024-01,Q1,15,Monday,3,No
16-01-2024,2024,1,January,Jan,2024-01,Q1,16,Tuesday,3,No
17-01-2024,2024,1,January,Jan,2024-01,Q1,17,Wednesday,3,No
18-01-2024,2024,1,January,Jan,2024-01,Q1,18,Thursday,3,No
19-01-2024,2024,1,January,Jan,2024-01,Q1,19,Friday,3,No
20-01-2024,2024,1,January,Jan,2024-01,Q1,20,Saturday,3,Yes
21-01-2024,2024,1,January,Jan,2024-01,Q1,21,Sunday,3,Yes
22-01-2024,2024,1,January,Jan,2024-01,Q1,22,Monday,4,No
23-01-2024,2024,1,January,Jan,2024-01,Q1,23,Tuesday,4,No
24-01-2024,2024,1,January,Jan,2024-01,Q1,24,Wednesday,4,No
25-01-2024,2024,1,January,Jan,2024-01,Q1,25,Thursday,4,No
26-01-2024,2024,1,January,Jan,2024-01,Q1,26,Friday,4,No
27-01-2024,2024,1,January,Jan,2024-01,Q1,27,Saturday,4,Yes
28-01-2024,2024,1,January,Jan,2024-01,Q1,28,Sunday,4,Yes
29-01-2024,2024,1,January,Jan,2024-01,Q1,29,Monday,5,No
30-01-2024,2024,1,January,Jan,2024-01,Q1,30,Tuesday,5,No
31-01-2024,2024,1,January,Jan,2024-01,Q1,31,Wednesday,5,No
01-02-2024,2024,2,February,Feb,2024-02,Q1,1,Thursday,5,No
02-02-2024,2024,2,February,Feb,2024-02,Q1,2,Friday,5,No
03-02-2024,2024,2,February,Feb,2024-02,Q1,3,Saturday,5,Yes
04-02-2024,2024,2,February,Feb,2024-02,Q1,4,Sunday,5,Yes
05-02-2024,2024,2,February,Feb,2024-02,Q1,5,Monday,6,No
06-02-2024,2024,2,February,Feb,2024-02,Q1,6,Tuesday,6,No
07-02-2024,2024,2,February,Feb,2024-02,Q1,7,Wednesday,6,No
08-02-2024,2024,2,February,Feb,2024-02,Q1,8,Thursday,6,No
09-02-2024,2024,2,February,Feb,2024-02,Q1,9,Friday,6,No
10-02-2024,2024,2,February,Feb,2024-02,Q1,10,Saturday,6,Yes
11-02-2024,2024,2,February,Feb,2024-02,Q1,11,Sunday,6,Yes
12-02-2024,2024,2,February,Feb,2024-02,Q1,12,Monday,7,No
13-02-2024,2024,2,February,Feb,2024-02,Q1,13,Tuesday,7,No
14-02-2024,2024,2,February,Feb,2024-02,Q1,14,Wednesday,7,No
15-02-2024,2024,2,February,Feb,2024-02,Q1,15,Thursday,7,No
16-02-2024,2024,2,February,Feb,2024-02,Q1,16,Friday,7,No
17-02-2024,2024,2,February,Feb,2024-02,Q1,17,Saturday,7,Yes
18-02-2024,2024,2,February,Feb,2024-02,Q1,18,Sunday,7,Yes
19-02-2024,2024,2,February,Feb,2024-02,Q1,19,Monday,8,No
20-02-2024,2024,2,February,Feb,2024-02,Q1,20,Tuesday,8,No
21-02-2024,2024,2,February,Feb,2024-02,Q1,21,Wednesday,8,No
22-02-2024,2024,2,February,Feb,2024-02,Q1,22,Thursday,8,No
23-02-2024,2024,2,February,Feb,2024-02,Q1,23,Friday,8,No
24-02-2024,2024,2,February,Feb,2024-02,Q1,24,Saturday,8,Yes
25-02-2024,2024,2,February,Feb,2024-02,Q1,25,Sunday,8,Yes
26-02-2024,2024,2,February,Feb,2024-02,Q1,26,Monday,9,No
27-02-2024,2024,2,February,Feb,2024-02,Q1,27,Tuesday,9,No
28-02-2024,2024,2,February,Feb,2024-02,Q1,28,Wednesday,9,No
29-02-2024,2024,2,February,Feb,2024-02,Q1,29,Thursday,9,No
01-03-2024,2024,3,March,Mar,2024-03,Q1,1,Friday,9,No
02-03-2024,2024,3,March,Mar,2024-03,Q1,2,Saturday,9,Yes
03-03-2024,2024,3,March,Mar,2024-03,Q1,3,Sunday,9,Yes
04-03-2024,2024,3,March,Mar,2024-03,Q1,4,Monday,10,No
05-03-2024,2024,3,March,Mar,2024-03,Q1,5,Tuesday,10,No
06-03-2024,2024,3,March,Mar,2024-03,Q1,6,Wednesday,10,No
07-03-2024,2024,3,March,Mar,2024-03,Q1,7,Thursday,10,No
08-03-2024,2024,3,March,Mar,2024-03,Q1,8,Friday,10,No
09-03-2024,2024,3,March,Mar,2024-03,Q1,9,Saturday,10,Yes
10-03-2024,2024,3,March,Mar,2024-03,Q1,10,Sunday,10,Yes
11-03-2024,2024,3,March,Mar,2024-03,Q1,11,Monday,11,No
12-03-2024,2024,3,March,Mar,2024-03,Q1,12,Tuesday,11,No
13-03-2024,2024,3,March,Mar,2024-03,Q1,13,Wednesday,11,No
14-03-2024,2024,3,March,Mar,2024-03,Q1,14,Thursday,11,No
15-03-2024,2024,3,March,Mar,2024-03,Q1,15,Friday,11,No
16-03-2024,2024,3,March,Mar,2024-03,Q1,16,Saturday,11,Yes
17-03-2024,2024,3,March,Mar,2024-03,Q1,17,Sunday,11,Yes
18-03-2024,2024,3,March,Mar,2024-03,Q1,18,Monday,12,No
19-03-2024,2024,3,March,Mar,2024-03,Q1,19,Tuesday,12,No
20-03-2024,2024,3,March,Mar,2024-03,Q1,20,Wednesday,12,No
21-03-2024,2024,3,March,Mar,2024-03,Q1,21,Thursday,12,No
22-03-2024,2024,3,March,Mar,2024-03,Q1,22,Friday,12,No
23-03-2024,2024,3,March,Mar,2024-03,Q1,23,Saturday,12,Yes
24-03-2024,2024,3,March,Mar,2024-03,Q1,24,Sunday,12,Yes
25-03-2024,2024,3,March,Mar,2024-03,Q1,25,Monday,13,No
26-03-2024,2024,3,March,Mar,2024-03,Q1,26,Tuesday,13,No
27-03-2024,2024,3,March,Mar,2024-03,Q1,27,Wednesday,13,No
28-03-2024,2024,3,March,Mar,2024-03,Q1,28,Thursday,13,No
29-03-2024,2024,3,March,Mar,2024-03,Q1,29,Friday,13,No
30-03-2024,2024,3,March,Mar,2024-03,Q1,30,Saturday,13,Yes
31-03-2024,2024,3,March,Mar,2024-03,Q1,31,Sunday,13,Yes
01-04-2024,2024,4,April,Apr,2024-04,Q2,1,Monday,14,No
02-04-2024,2024,4,April,Apr,2024-04,Q2,2,Tuesday,14,No
03-04-2024,2024,4,April,Apr,2024-04,Q2,3,Wednesday,14,No
04-04-2024,2024,4,April,Apr,2024-04,Q2,4,Thursday,14,No
05-04-2024,2024,4,April,Apr,2024-04,Q2,5,Friday,14,No
06-04-2024,2024,4,April,Apr,2024-04,Q2,6,Saturday,14,Yes
07-04-2024,2024,4,April,Apr,2024-04,Q2,7,Sunday,14,Yes
08-04-2024,2024,4,April,Apr,2024-04,Q2,8,Monday,15,No
09-04-2024,2024,4,April,Apr,2024-04,Q2,9,Tuesday,15,No
10-04-2024,2024,4,April,Apr,2024-04,Q2,10,Wednesday,15,No
11-04-2024,2024,4,April,Apr,2024-04,Q2,11,Thursday,15,No
12-04-2024,2024,4,April,Apr,2024-04,Q2,12,Friday,15,No
13-04-2024,2024,4,April,Apr,2024-04,Q2,13,Saturday,15,Yes
14-04-2024,2024,4,April,Apr,2024-04,Q2,14,Sunday,15,Yes
15-04-2024,2024,4,April,Apr,2024-04,Q2,15,Monday,16,No
16-04-2024,2024,4,April,Apr,2024-04,Q2,16,Tuesday,16,No
17-04-2024,2024,4,April,Apr,2024-04,Q2,17,Wednesday,16,No
18-04-2024,2024,4,April,Apr,2024-04,Q2,18,Thursday,16,No
19-04-2024,2024,4,April,Apr,2024-04,Q2,19,Friday,16,No
20-04-2024,2024,4,April,Apr,2024-04,Q2,20,Saturday,16,Yes
21-04-2024,2024,4,April,Apr,2024-04,Q2,21,Sunday,16,Yes
22-04-2024,2024,4,April,Apr,2024-04,Q2,22,Monday,17,No
23-04-2024,2024,4,April,Apr,2024-04,Q2,23,Tuesday,17,No
24-04-2024,2024,4,April,Apr,2024-04,Q2,24,Wednesday,17,No
25-04-2024,2024,4,April,Apr,2024-04,Q2,25,Thursday,17,No
26-04-2024,2024,4,April,Apr,2024-04,Q2,26,Friday,17,No
27-04-2024,2024,4,April,Apr,2024-04,Q2,27,Saturday,17,Yes
28-04-2024,2024,4,April,Apr,2024-04,Q2,28,Sunday,17,Yes
29-04-2024,2024,4,April,Apr,2024-04,Q2,29,Monday,18,No
30-04-2024,2024,4,April,Apr,2024-04,Q2,30,Tuesday,18,No
01-05-2024,2024,5,May,May,2024-05,Q2,1,Wednesday,18,No
02-05-2024,2024,5,May,May,2024-05,Q2,2,Thursday,18,No
03-05-2024,2024,5,May,May,2024-05,Q2,3,Friday,18,No
04-05-2024,2024,5,May,May,2024-05,Q2,4,Saturday,18,Yes
05-05-2024,2024,5,May,May,2024-05,Q2,5,Sunday,18,Yes
06-05-2024,2024,5,May,May,2024-05,Q2,6,Monday,19,No
07-05-2024,2024,5,May,May,2024-05,Q2,7,Tuesday,19,No
08-05-2024,2024,5,May,May,2024-05,Q2,8,Wednesday,19,No
09-05-2024,2024,5,May,May,2024-05,Q2,9,Thursday,19,No
10-05-2024,2024,5,May,May,2024-05,Q2,10,Friday,19,No
11-05-2024,2024,5,May,May,2024-05,Q2,11,Saturday,19,Yes
12-05-2024,2024,5,May,May,2024-05,Q2,12,Sunday,19,Yes
13-05-2024,2024,5,May,May,2024-05,Q2,13,Monday,20,No
14-05-2024,2024,5,May,May,2024-05,Q2,14,Tuesday,20,No
15-05-2024,2024,5,May,May,2024-05,Q2,15,Wednesday,20,No
16-05-2024,2024,5,May,May,2024-05,Q2,16,Thursday,20,No
17-05-2024,2024,5,May,May,2024-05,Q2,17,Friday,20,No
18-05-2024,2024,5,May,May,2024-05,Q2,18,Saturday,20,Yes
19-05-2024,2024,5,May,May,2024-05,Q2,19,Sunday,20,Yes
20-05-2024,2024,5,May,May,2024-05,Q2,20,Monday,21,No
21-05-2024,2024,5,May,May,2024-05,Q2,21,Tuesday,21,No
22-05-2024,2024,5,May,May,2024-05,Q2,22,Wednesday,21,No
23-05-2024,2024,5,May,May,2024-05,Q2,23,Thursday,21,No
24-05-2024,2024,5,May,May,2024-05,Q2,24,Friday,21,No
25-05-2024,2024,5,May,May,2024-05,Q2,25,Saturday,21,Yes
26-05-2024,2024,5,May,May,2024-05,Q2,26,Sunday,21,Yes
27-05-2024,2024,5,May,May,2024-05,Q2,27,Monday,22,No
28-05-2024,2024,5,May,May,2024-05,Q2,28,Tuesday,22,No
29-05-2024,2024,5,May,May,2024-05,Q2,29,Wednesday,22,No
30-05-2024,2024,5,May,May,2024-05,Q2,30,Thursday,22,No
31-05-2024,2024,5,May,May,2024-05,Q2,31,Friday,22,No
01-06-2024,2024,6,June,Jun,2024-06,Q2,1,Saturday,22,Yes
02-06-2024,2024,6,June,Jun,2024-06,Q2,2,Sunday,22,Yes
03-06-2024,2024,6,June,Jun,2024-06,Q2,3,Monday,23,No
04-06-2024,2024,6,June,Jun,2024-06,Q2,4,Tuesday,23,No
05-06-2024,2024,6,June,Jun,2024-06,Q2,5,Wednesday,23,No
06-06-2024,2024,6,June,Jun,2024-06,Q2,6,Thursday,23,No
07-06-2024,2024,6,June,Jun,2024-06,Q2,7,Friday,23,No
08-06-2024,2024,6,June,Jun,2024-06,Q2,8,Saturday,23,Yes
09-06-2024,2024,6,June,Jun,2024-06,Q2,9,Sunday,23,Yes
10-06-2024,2024,6,June,Jun,2024-06,Q2,10,Monday,24,No
11-06-2024,2024,6,June,Jun,2024-06,Q2,11,Tuesday,24,No
12-06-2024,2024,6,June,Jun,2024-06,Q2,12,Wednesday,24,No
13-06-2024,2024,6,June,Jun,2024-06,Q2,13,Thursday,24,No
14-06-2024,2024,6,June,Jun,2024-06,Q2,14,Friday,24,No
15-06-2024,2024,6,June,Jun,2024-06,Q2,15,Saturday,24,Yes
16-06-2024,2024,6,June,Jun,2024-06,Q2,16,Sunday,24,Yes
17-06-2024,2024,6,June,Jun,2024-06,Q2,17,Monday,25,No
18-06-2024,2024,6,June,Jun,2024-06,Q2,18,Tuesday,25,No
19-06-2024,2024,6,June,Jun,2024-06,Q2,19,Wednesday,25,No
20-06-2024,2024,6,June,Jun,2024-06,Q2,20,Thursday,25,No
21-06-2024,2024,6,June,Jun,2024-06,Q2,21,Friday,25,No
22-06-2024,2024,6,June,Jun,2024-06,Q2,22,Saturday,25,Yes
23-06-2024,2024,6,June,Jun,2024-06,Q2,23,Sunday,25,Yes
24-06-2024,2024,6,June,Jun,2024-06,Q2,24,Monday,26,No
25-06-2024,2024,6,June,Jun,2024-06,Q2,25,Tuesday,26,No
26-06-2024,2024,6,June,Jun,2024-06,Q2,26,Wednesday,26,No
27-06-2024,2024,6,June,Jun,2024-06,Q2,27,Thursday,26,No
28-06-2024,2024,6,June,Jun,2024-06,Q2,28,Friday,26,No
29-06-2024,2024,6,June,Jun,2024-06,Q2,29,Saturday,26,Yes
30-06-2024,2024,6,June,Jun,2024-06,Q2,30,Sunday,26,Yes
01-07-2024,2024,7,July,Jul,2024-07,Q3,1,Monday,27,No
02-07-2024,2024,7,July,Jul,2024-07,Q3,2,Tuesday,27,No
03-07-2024,2024,7,July,Jul,2024-07,Q3,3,Wednesday,27,No
04-07-2024,2024,7,July,Jul,2024-07,Q3,4,Thursday,27,No
05-07-2024,2024,7,July,Jul,2024-07,Q3,5,Friday,27,No
06-07-2024,2024,7,July,Jul,2024-07,Q3,6,Saturday,27,Yes
07-07-2024,2024,7,July,Jul,2024-07,Q3,7,Sunday,27,Yes
08-07-2024,2024,7,July,Jul,2024-07,Q3,8,Monday,28,No
09-07-2024,2024,7,July,Jul,2024-07,Q3,9,Tuesday,28,No
10-07-2024,2024,7,July,Jul,2024-07,Q3,10,Wednesday,28,No
11-07-2024,2024,7,July,Jul,2024-07,Q3,11,Thursday,28,No
12-07-2024,2024,7,July,Jul,2024-07,Q3,12,Friday,28,No
13-07-2024,2024,7,July,Jul,2024-07,Q3,13,Saturday,28,Yes
14-07-2024,2024,7,July,Jul,2024-07,Q3,14,Sunday,28,Yes
15-07-2024,2024,7,July,Jul,2024-07,Q3,15,Monday,29,No
16-07-2024,2024,7,July,Jul,2024-07,Q3,16,Tuesday,29,No
17-07-2024,2024,7,July,Jul,2024-07,Q3,17,Wednesday,29,No
18-07-2024,2024,7,July,Jul,2024-07,Q3,18,Thursday,29,No
19-07-2024,2024,7,July,Jul,2024-07,Q3,19,Friday,29,No
20-07-2024,2024,7,July,Jul,2024-07,Q3,20,Saturday,29,Yes
21-07-2024,2024,7,July,Jul,2024-07,Q3,21,Sunday,29,Yes
22-07-2024,2024,7,July,Jul,2024-07,Q3,22,Monday,30,No
23-07-2024,2024,7,July,Jul,2024-07,Q3,23,Tuesday,30,No
24-07-2024,2024,7,July,Jul,2024-07,Q3,24,Wednesday,30,No
25-07-2024,2024,7,July,Jul,2024-07,Q3,25,Thursday,30,No
26-07-2024,2024,7,July,Jul,2024-07,Q3,26,Friday,30,No
27-07-2024,2024,7,July,Jul,2024-07,Q3,27,Saturday,30,Yes
28-07-2024,2024,7,July,Jul,2024-07,Q3,28,Sunday,30,Yes
29-07-2024,2024,7,July,Jul,2024-07,Q3,29,Monday,31,No
30-07-2024,2024,7,July,Jul,2024-07,Q3,30,Tuesday,31,No
31-07-2024,2024,7,July,Jul,2024-07,Q3,31,Wednesday,31,No
01-08-2024,2024,8,August,Aug,2024-08,Q3,1,Thursday,31,No
02-08-2024,2024,8,August,Aug,2024-08,Q3,2,Friday,31,No
03-08-2024,2024,8,August,Aug,2024-08,Q3,3,Saturday,31,Yes
04-08-2024,2024,8,August,Aug,2024-08,Q3,4,Sunday,31,Yes
05-08-2024,2024,8,August,Aug,2024-08,Q3,5,Monday,32,No
06-08-2024,2024,8,August,Aug,2024-08,Q3,6,Tuesday,32,No
07-08-2024,2024,8,August,Aug,2024-08,Q3,7,Wednesday,32,No
08-08-2024,2024,8,August,Aug,2024-08,Q3,8,Thursday,32,No
09-08-2024,2024,8,August,Aug,2024-08,Q3,9,Friday,32,No
10-08-2024,2024,8,August,Aug,2024-08,Q3,10,Saturday,32,Yes
11-08-2024,2024,8,August,Aug,2024-08,Q3,11,Sunday,32,Yes
12-08-2024,2024,8,August,Aug,2024-08,Q3,12,Monday,33,No
13-08-2024,2024,8,August,Aug,2024-08,Q3,13,Tuesday,33,No
14-08-2024,2024,8,August,Aug,2024-08,Q3,14,Wednesday,33,No
15-08-2024,2024,8,August,Aug,2024-08,Q3,15,Thursday,33,No
16-08-2024,2024,8,August,Aug,2024-08,Q3,16,Friday,33,No
17-08-2024,2024,8,August,Aug,2024-08,Q3,17,Saturday,33,Yes
18-08-2024,2024,8,August,Aug,2024-08,Q3,18,Sunday,33,Yes
19-08-2024,2024,8,August,Aug,2024-08,Q3,19,Monday,34,No
20-08-2024,2024,8,August,Aug,2024-08,Q3,20,Tuesday,34,No
21-08-2024,2024,8,August,Aug,2024-08,Q3,21,Wednesday,34,No
22-08-2024,2024,8,August,Aug,2024-08,Q3,22,Thursday,34,No
23-08-2024,2024,8,August,Aug,2024-08,Q3,23,Friday,34,No
24-08-2024,2024,8,August,Aug,2024-08,Q3,24,Saturday,34,Yes
25-08-2024,2024,8,August,Aug,2024-08,Q3,25,Sunday,34,Yes
26-08-2024,2024,8,August,Aug,2024-08,Q3,26,Monday,35,No
27-08-2024,2024,8,August,Aug,2024-08,Q3,27,Tuesday,35,No
28-08-2024,2024,8,August,Aug,2024-08,Q3,28,Wednesday,35,No
29-08-2024,2024,8,August,Aug,2024-08,Q3,29,Thursday,35,No
30-08-2024,2024,8,August,Aug,2024-08,Q3,30,Friday,35,No
31-08-2024,2024,8,August,Aug,2024-08,Q3,31,Saturday,35,Yes
01-09-2024,2024,9,September,Sep,2024-09,Q3,1,Sunday,35,Yes
02-09-2024,2024,9,September,Sep,2024-09,Q3,2,Monday,36,No
03-09-2024,2024,9,September,Sep,2024-09,Q3,3,Tuesday,36,No
04-09-2024,2024,9,September,Sep,2024-09,Q3,4,Wednesday,36,No
05-09-2024,2024,9,September,Sep,2024-09,Q3,5,Thursday,36,No
06-09-2024,2024,9,September,Sep,2024-09,Q3,6,Friday,36,No
07-09-2024,2024,9,September,Sep,2024-09,Q3,7,Saturday,36,Yes
08-09-2024,2024,9,September,Sep,2024-09,Q3,8,Sunday,36,Yes
09-09-2024,2024,9,September,Sep,2024-09,Q3,9,Monday,37,No
10-09-2024,2024,9,September,Sep,2024-09,Q3,10,Tuesday,37,No
11-09-2024,2024,9,September,Sep,2024-09,Q3,11,Wednesday,37,No
12-09-2024,2024,9,September,Sep,2024-09,Q3,12,Thursday,37,No
13-09-2024,2024,9,September,Sep,2024-09,Q3,13,Friday,37,No
14-09-2024,2024,9,September,Sep,2024-09,Q3,14,Saturday,37,Yes
15-09-2024,2024,9,September,Sep,2024-09,Q3,15,Sunday,37,Yes
16-09-2024,2024,9,September,Sep,2024-09,Q3,16,Monday,38,No
17-09-2024,2024,9,September,Sep,2024-09,Q3,17,Tuesday,38,No
18-09-2024,2024,9,September,Sep,2024-09,Q3,18,Wednesday,38,No
19-09-2024,2024,9,September,Sep,2024-09,Q3,19,Thursday,38,No
20-09-2024,2024,9,September,Sep,2024-09,Q3,20,Friday,38,No
21-09-2024,2024,9,September,Sep,2024-09,Q3,21,Saturday,38,Yes
22-09-2024,2024,9,September,Sep,2024-09,Q3,22,Sunday,38,Yes
23-09-2024,2024,9,September,Sep,2024-09,Q3,23,Monday,39,No
24-09-2024,2024,9,September,Sep,2024-09,Q3,24,Tuesday,39,No
25-09-2024,2024,9,September,Sep,2024-09,Q3,25,Wednesday,39,No
26-09-2024,2024,9,September,Sep,2024-09,Q3,26,Thursday,39,No
27-09-2024,2024,9,September,Sep,2024-09,Q3,27,Friday,39,No
28-09-2024,2024,9,September,Sep,2024-09,Q3,28,Saturday,39,Yes
29-09-2024,2024,9,September,Sep,2024-09,Q3,29,Sunday,39,Yes
30-09-2024,2024,9,September,Sep,2024-09,Q3,30,Monday,40,No
01-10-2024,2024,10,October,Oct,2024-10,Q4,1,Tuesday,40,No
02-10-2024,2024,10,October,Oct,2024-10,Q4,2,Wednesday,40,No
03-10-2024,2024,10,October,Oct,2024-10,Q4,3,Thursday,40,No
04-10-2024,2024,10,October,Oct,2024-10,Q4,4,Friday,40,No
05-10-2024,2024,10,October,Oct,2024-10,Q4,5,Saturday,40,Yes
06-10-2024,2024,10,October,Oct,2024-10,Q4,6,Sunday,40,Yes
07-10-2024,2024,10,October,Oct,2024-10,Q4,7,Monday,41,No
08-10-2024,2024,10,October,Oct,2024-10,Q4,8,Tuesday,41,No
09-10-2024,2024,10,October,Oct,2024-10,Q4,9,Wednesday,41,No
10-10-2024,2024,10,October,Oct,2024-10,Q4,10,Thursday,41,No
11-10-2024,2024,10,October,Oct,2024-10,Q4,11,Friday,41,No
12-10-2024,2024,10,October,Oct,2024-10,Q4,12,Saturday,41,Yes
13-10-2024,2024,10,October,Oct,2024-10,Q4,13,Sunday,41,Yes
14-10-2024,2024,10,October,Oct,2024-10,Q4,14,Monday,42,No
15-10-2024,2024,10,October,Oct,2024-10,Q4,15,Tuesday,42,No
16-10-2024,2024,10,October,Oct,2024-10,Q4,16,Wednesday,42,No
17-10-2024,2024,10,October,Oct,2024-10,Q4,17,Thursday,42,No
18-10-2024,2024,10,October,Oct,2024-10,Q4,18,Friday,42,No
19-10-2024,2024,10,October,Oct,2024-10,Q4,19,Saturday,42,Yes
20-10-2024,2024,10,October,Oct,2024-10,Q4,20,Sunday,42,Yes
21-10-2024,2024,10,October,Oct,2024-10,Q4,21,Monday,43,No
22-10-2024,2024,10,October,Oct,2024-10,Q4,22,Tuesday,43,No
23-10-2024,2024,10,October,Oct,2024-10,Q4,23,Wednesday,43,No
24-10-2024,2024,10,October,Oct,2024-10,Q4,24,Thursday,43,No
25-10-2024,2024,10,October,Oct,2024-10,Q4,25,Friday,43,No
26-10-2024,2024,10,October,Oct,2024-10,Q4,26,Saturday,43,Yes
27-10-2024,2024,10,October,Oct,2024-10,Q4,27,Sunday,43,Yes
28-10-2024,2024,10,October,Oct,2024-10,Q4,28,Monday,44,No
29-10-2024,2024,10,October,Oct,2024-10,Q4,29,Tuesday,44,No
30-10-2024,2024,10,October,Oct,2024-10,Q4,30,Wednesday,44,No
31-10-2024,2024,10,October,Oct,2024-10,Q4,31,Thursday,44,No
01-11-2024,2024,11,November,Nov,2024-11,Q4,1,Friday,44,No
02-11-2024,2024,11,November,Nov,2024-11,Q4,2,Saturday,44,Yes
03-11-2024,2024,11,November,Nov,2024-11,Q4,3,Sunday,44,Yes
04-11-2024,2024,11,November,Nov,2024-11,Q4,4,Monday,45,No
05-11-2024,2024,11,November,Nov,2024-11,Q4,5,Tuesday,45,No
06-11-2024,2024,11,November,Nov,2024-11,Q4,6,Wednesday,45,No
07-11-2024,2024,11,November,Nov,2024-11,Q4,7,Thursday,45,No
08-11-2024,2024,11,November,Nov,2024-11,Q4,8,Friday,45,No
09-11-2024,2024,11,November,Nov,2024-11,Q4,9,Saturday,45,Yes
10-11-2024,2024,11,November,Nov,2024-11,Q4,10,Sunday,45,Yes
11-11-2024,2024,11,November,Nov,2024-11,Q4,11,Monday,46,No
12-11-2024,2024,11,November,Nov,2024-11,Q4,12,Tuesday,46,No
13-11-2024,2024,11,November,Nov,2024-11,Q4,13,Wednesday,46,No
14-11-2024,2024,11,November,Nov,2024-11,Q4,14,Thursday,46,No
15-11-2024,2024,11,November,Nov,2024-11,Q4,15,Friday,46,No
16-11-2024,2024,11,November,Nov,2024-11,Q4,16,Saturday,46,Yes
17-11-2024,2024,11,November,Nov,2024-11,Q4,17,Sunday,46,Yes
18-11-2024,2024,11,November,Nov,2024-11,Q4,18,Monday,47,No
19-11-2024,2024,11,November,Nov,2024-11,Q4,19,Tuesday,47,No
20-11-2024,2024,11,November,Nov,2024-11,Q4,20,Wednesday,47,No
21-11-2024,2024,11,November,Nov,2024-11,Q4,21,Thursday,47,No
22-11-2024,2024,11,November,Nov,2024-11,Q4,22,Friday,47,No
23-11-2024,2024,11,November,Nov,2024-11,Q4,23,Saturday,47,Yes
24-11-2024,2024,11,November,Nov,2024-11,Q4,24,Sunday,47,Yes
25-11-2024,2024,11,November,Nov,2024-11,Q4,25,Monday,48,No
26-11-2024,2024,11,November,Nov,2024-11,Q4,26,Tuesday,48,No
27-11-2024,2024,11,November,Nov,2024-11,Q4,27,Wednesday,48,No
28-11-2024,2024,11,November,Nov,2024-11,Q4,28,Thursday,48,No
29-11-2024,2024,11,November,Nov,2024-11,Q4,29,Friday,48,No
30-11-2024,2024,11,November,Nov,2024-11,Q4,30,Saturday,48,Yes
01-12-2024,2024,12,December,Dec,2024-12,Q4,1,Sunday,48,Yes
02-12-2024,2024,12,December,Dec,2024-12,Q4,2,Monday,49,No
03-12-2024,2024,12,December,Dec,2024-12,Q4,3,Tuesday,49,No
04-12-2024,2024,12,December,Dec,2024-12,Q4,4,Wednesday,49,No
05-12-2024,2024,12,December,Dec,2024-12,Q4,5,Thursday,49,No
06-12-2024,2024,12,December,Dec,2024-12,Q4,6,Friday,49,No
07-12-2024,2024,12,December,Dec,2024-12,Q4,7,Saturday,49,Yes
08-12-2024,2024,12,December,Dec,2024-12,Q4,8,Sunday,49,Yes
09-12-2024,2024,12,December,Dec,2024-12,Q4,9,Monday,50,No
10-12-2024,2024,12,December,Dec,2024-12,Q4,10,Tuesday,50,No
11-12-2024,2024,12,December,Dec,2024-12,Q4,11,Wednesday,50,No
12-12-2024,2024,12,December,Dec,2024-12,Q4,12,Thursday,50,No
13-12-2024,2024,12,December,Dec,2024-12,Q4,13,Friday,50,No
14-12-2024,2024,12,December,Dec,2024-12,Q4,14,Saturday,50,Yes
15-12-2024,2024,12,December,Dec,2024-12,Q4,15,Sunday,50,Yes
16-12-2024,2024,12,December,Dec,2024-12,Q4,16,Monday,51,No
17-12-2024,2024,12,December,Dec,2024-12,Q4,17,Tuesday,51,No
18-12-2024,2024,12,December,Dec,2024-12,Q4,18,Wednesday,51,No
19-12-2024,2024,12,December,Dec,2024-12,Q4,19,Thursday,51,No
20-12-2024,2024,12,December,Dec,2024-12,Q4,20,Friday,51,No
21-12-2024,2024,12,December,Dec,2024-12,Q4,21,Saturday,51,Yes
22-12-2024,2024,12,December,Dec,2024-12,Q4,22,Sunday,51,Yes
23-12-2024,2024,12,December,Dec,2024-12,Q4,23,Monday,52,No
24-12-2024,2024,12,December,Dec,2024-12,Q4,24,Tuesday,52,No
25-12-2024,2024,12,December,Dec,2024-12,Q4,25,Wednesday,52,No
26-12-2024,2024,12,December,Dec,2024-12,Q4,26,Thursday,52,No
27-12-2024,2024,12,December,Dec,2024-12,Q4,27,Friday,52,No
28-12-2024,2024,12,December,Dec,2024-12,Q4,28,Saturday,52,Yes
29-12-2024,2024,12,December,Dec,2024-12,Q4,29,Sunday,52,Yes
30-12-2024,2024,12,December,Dec,2024-12,Q4,30,Monday,1,No
31-12-2024,2024,12,December,Dec,2024-12,Q4,31,Tuesday,1,No
